example_id,runs,ready_accuracy,short_accuracy,priority_accuracy,overall_accuracy,status_codes,unique_outcomes,is_deterministic,comment_text,availability_notes,notes
ex_001,10,0.0,0.0,0.0,0.0,[200],1,True,"KPOL 26.05.25 EKG/LAB ASA III. Avbestilte 23.09. Ønsker oppstart fra oktober på grunn av sykepenger, jfr. gul lapp KPOL 07.07.25 (planleggerens init).",Disponibel fra oktober 2025,"Avventer økonomi, tydelig nei til kort varsel"
ex_002,10,1.0,0.0,0.0,0.0,[200],1,True,"AVVENT. Sendt gul lapp til ABC om videre forløp. DEF 14.09.25, KPOL 23.03.25. Ønsker operasjon i okt/nov 2025, rtg og lab bestilles, ASA 2, BMI 30.",Planlagt for oktober/november 2025,Venter på videre avklaring fra ABC
ex_003,10,0.9,0.0,0.0,0.0,[200],2,False,"Opl. meld 27.03.25, men er gravid og skal derfor ikke opereres før jan 2026. ABC 08.10.25. Må konfereres med DEF. 100. DEF + GHI.",Tidligst januar 2026,Graviditet utsetter inngrep
ex_004,10,1.0,1.0,0.0,0.0,[200],1,True,"KPOL 03.04.25. Operasjon med ABC som assistent jfr. DEF. Lab ikke tatt - behøver ikke jfr. DEF 10.04.25. Ilm. kort varsel, ASA 2, BMI 31.",Kan tas inn ved kort varsel,"Team avklart, ønsker rask innkalling"
ex_005,10,1.0,0.0,0.0,0.0,[200],1,True,ØNH: Gifter seg i sept 2023. Må ringes 2 mnd før operasjon. Lunge-anestesitilsyn? ABC følger.,Kontakt to måneder før ønsket dato,Trenger koordinering rundt bryllup
ex_006,10,0.1,1.0,0.0,0.0,[200],2,False,"Kjeveoperasjon først, usikker på når hun får denne. Skal holde oss oppdatert jfr. 13.08.25. Pasienten ønsker oppringing for tilpassing av operasjon. Stue 11.",Avventer kjeveoppr. dato,Mangler klarering fra annet inngrep
ex_007,10,0.0,1.0,0.0,0.0,[200],1,True,Stue 11. Kort varsel. Ferie 23.06. Ønsker sent september eller tidlig oktober 2025.,"Tilgjengelig etter ferie, helst slutten av september",Ferie begrenser vindu
ex_008,10,1.0,1.0,0.0,0.0,[200],1,True,"Pasient tar kontakt når han er klar for operasjon. Behandles nå for leukemi 31.10.24 ABC, svar 31/10-24. Ferie 05-25.06 og 10.09-15.10.24. Stue 11. Klar til operasjon jmf. anestesi.",Tilgjengelig utenom ferieperioder,Medisinsk klarering dokumentert
ex_009,10,0.5,1.0,0.0,0.0,[200],2,False,"Pasient gir beskjed når hun har sluttet med Isotretonin 30.04.25, evt. litt før. ABC HLOS pas. Ikke DEF. Kan opereres av LIS. Stue 11.",Tidligst mai 2025,Avventer medikamentpause
ex_010,10,1.0,1.0,0.9,0.9,[200],2,False,HUD kontroll 02.04.2025 Stue 11 Klar for operasjon. Preop er fullført. Kan ikke ta kort varsel pga jobb og familie. Ingen ekstra prioritet oppgitt. Tilgjengelig etter mai 2024. MNO informert om plan.,Tilgjengelig etter mai 2024,Syntetisk generert eksempel
ex_011,10,1.0,1.0,1.0,1.0,[200],1,True,URO kontroll 03.07.2026 Stue 3 Klarert av anestesi og kirurg. Kan kalles inn på kort varsel. Ingen ekstra prioritet oppgitt. Kan settes opp mellom mars og juli 2024. Kontakt ABC for preop spørsmål.,Kan settes opp mellom mars og juli 2024,Syntetisk generert eksempel
ex_012,10,1.0,1.0,1.0,1.0,[200],1,True,NEVRO kontroll 04.10.2024 Stue 14 Ikke klarert av anestesi ennå. Kort varsel ikke diskutert. Standard prioritet i køen. Tilgjengelig etter mai 2024. Oppfølging avtales med DEF.,Tilgjengelig etter mai 2024,Syntetisk generert eksempel
ex_013,10,1.0,1.0,0.9,0.9,[200],2,False,GYN kontroll 05.01.2025 Stue 3 Klar for operasjon. Preop er fullført. Tar gjerne ledig plass innen få dager. Standard prioritet i køen. Kan settes opp mellom januar og mars 2024. Oppfølging avtales med JKL.,Kan settes opp mellom januar og mars 2024,Syntetisk generert eksempel
ex_014,10,1.0,1.0,0.5,0.5,[200],2,False,ORTO kontroll 06.04.2026 Stue 3 Klarert av anestesi og kirurg. Ingen preferanse angitt for varsel. Ingen ekstra prioritet oppgitt. Foretrekker operasjon i september 2025. Oppfølging avtales med GHI.,Foretrekker operasjon i september 2025,Syntetisk generert eksempel
ex_015,10,1.0,1.0,0.0,0.0,[200],1,True,NEVRO kontroll 07.07.2024 Stue 5 Klar for operasjon. Preop er fullført. Tar gjerne ledig plass innen få dager. Ingen ekstra prioritet oppgitt. Kan settes opp mellom oktober og oktober 2025. Oppfølging avtales med WXY.,Kan settes opp mellom oktober og oktober 2025,Syntetisk generert eksempel
ex_016,10,1.0,1.0,1.0,1.0,[200],1,True,HUD kontroll 08.10.2025 Stue 3 Klar for operasjon. Preop er fullført. Tar gjerne ledig plass innen få dager. Standard prioritet i køen. Tilgjengelig etter juni 2026. Kontakt MNO for preop spørsmål.,Tilgjengelig etter juni 2026,Syntetisk generert eksempel
ex_017,10,1.0,1.0,0.4,0.4,[200],2,False,KAR kontroll 09.01.2026 Stue 11 Klar for operasjon. Preop er fullført. Tar gjerne ledig plass innen få dager. Ingen ekstra prioritet oppgitt. Tilgjengelig etter desember 2024. Kontakt MNO for preop spørsmål.,Tilgjengelig etter desember 2024,Syntetisk generert eksempel
ex_018,10,1.0,1.0,1.0,1.0,[200],1,True,GYN kontroll 10.04.2024 Stue 3 Klar for operasjon. Preop er fullført. Kan kalles inn på kort varsel. Standard prioritet i køen. Foretrekker operasjon i juli 2024. Oppfølging avtales med PRS.,Foretrekker operasjon i juli 2024,Syntetisk generert eksempel
ex_019,10,0.8,1.0,0.2,0.0,[200],3,False,GAST kontroll 11.07.2025 Stue 5 Klareringsstatus ikke diskutert i siste møte. Tar gjerne ledig plass innen få dager. Ingen ekstra prioritet oppgitt. Kan settes opp mellom august og november 2024. Oppfølging avtales med TUV.,Kan settes opp mellom august og november 2024,Syntetisk generert eksempel
ex_020,10,1.0,1.0,0.7,0.7,[200],2,False,HUD kontroll 12.10.2026 Stue 7 Avventer ytterligere avklaringer før operasjon. Kan kalles inn på kort varsel. Standard prioritet i køen. Foretrekker operasjon i april 2025. JKL informert om plan.,Foretrekker operasjon i april 2025,Syntetisk generert eksempel
ex_021,10,1.0,1.0,1.0,1.0,[200],1,True,KPOL kontroll 13.01.2024 Stue 11 Klarert av anestesi og kirurg. Kan ikke ta kort varsel pga jobb og familie. Skal prioriteres grunnet medisinsk forverring. Tilgjengelig etter april 2025. Kontakt ABC for preop spørsmål.,Tilgjengelig etter april 2025,Syntetisk generert eksempel
ex_022,10,1.0,1.0,1.0,1.0,[200],1,True,URO kontroll 14.04.2025 Stue 7 Klar for operasjon. Preop er fullført. Kan kalles inn på kort varsel. Standard prioritet i køen. Foretrekker operasjon i oktober 2025. Kontakt PRS for preop spørsmål.,Foretrekker operasjon i oktober 2025,Syntetisk generert eksempel
ex_023,10,1.0,1.0,0.0,0.0,[200],1,True,ORTO kontroll 15.07.2026 Stue 14 Avventer ytterligere avklaringer før operasjon. Tar gjerne ledig plass innen få dager. Ingen ekstra prioritet oppgitt. Kan settes opp mellom september og september 2024. ABC informert om plan.,Kan settes opp mellom september og september 2024,Syntetisk generert eksempel
ex_024,10,1.0,1.0,0.8,0.8,[200],2,False,KAR kontroll 16.10.2024 Stue 7 Ikke klarert av anestesi ennå. Kan kalles inn på kort varsel. Ingen ekstra prioritet oppgitt. Tilgjengelig etter desember 2025. Oppfølging avtales med DEF.,Tilgjengelig etter desember 2025,Syntetisk generert eksempel
ex_025,10,1.0,1.0,1.0,1.0,[200],1,True,URO kontroll 17.01.2025 Stue 7 Klar for operasjon. Preop er fullført. Kan kalles inn på kort varsel. Skal prioriteres grunnet medisinsk forverring. Kan settes opp mellom oktober og mars 2024. JKL informert om plan.,Kan settes opp mellom oktober og mars 2024,Syntetisk generert eksempel
ex_026,10,1.0,1.0,1.0,1.0,[200],1,True,URO kontroll 18.04.2026 Stue 14 Avventer ytterligere avklaringer før operasjon. Tar gjerne ledig plass innen få dager. Skal prioriteres grunnet medisinsk forverring. Kan settes opp mellom august og september 2025. Oppfølging avtales med JKL.,Kan settes opp mellom august og september 2025,Syntetisk generert eksempel
ex_027,10,1.0,1.0,1.0,1.0,[200],1,True,ORTO kontroll 19.07.2024 Stue 11 Avventer ytterligere avklaringer før operasjon. Ingen preferanse angitt for varsel. Ingen ekstra prioritet oppgitt. Tilgjengelig etter august 2024. Kontakt GHI for preop spørsmål.,Tilgjengelig etter august 2024,Syntetisk generert eksempel
ex_028,10,1.0,1.0,0.0,0.0,[200],1,True,KPOL kontroll 20.10.2025 Stue 5 Avventer ytterligere avklaringer før operasjon. Tar gjerne ledig plass innen få dager. Ingen ekstra prioritet oppgitt. Foretrekker operasjon i april 2025. Oppfølging avtales med TUV.,Foretrekker operasjon i april 2025,Syntetisk generert eksempel
ex_029,10,1.0,1.0,1.0,1.0,[200],1,True,HUD kontroll 21.01.2026 Stue 9 Klar for operasjon. Preop er fullført. Ønsker varsel minst fire uker i forkant. Skal prioriteres grunnet medisinsk forverring. Foretrekker operasjon i juni 2025. JKL informert om plan.,Foretrekker operasjon i juni 2025,Syntetisk generert eksempel
ex_030,10,1.0,1.0,1.0,1.0,[200],1,True,HUD kontroll 22.04.2024 Stue 9 Klarert av anestesi og kirurg. Kan kalles inn på kort varsel. Standard prioritet i køen. Foretrekker operasjon i august 2025. Kontakt TUV for preop spørsmål.,Foretrekker operasjon i august 2025,Syntetisk generert eksempel
ex_031,10,1.0,1.0,0.5,0.5,[200],2,False,HUD kontroll 23.07.2025 Stue 5 Ikke klarert av anestesi ennå. Kan kalles inn på kort varsel. Ingen ekstra prioritet oppgitt. Kan settes opp mellom oktober og november 2025. Kontakt TUV for preop spørsmål.,Kan settes opp mellom oktober og november 2025,Syntetisk generert eksempel
ex_032,10,1.0,1.0,0.2,0.2,[200],2,False,KAR kontroll 24.10.2026 Stue 3 Ikke klarert av anestesi ennå. Tar gjerne ledig plass innen få dager. Ingen ekstra prioritet oppgitt. Kan settes opp mellom mars og januar 2025. MNO informert om plan.,Kan settes opp mellom mars og januar 2025,Syntetisk generert eksempel
ex_033,10,1.0,1.0,1.0,1.0,[200],1,True,URO kontroll 25.01.2024 Stue 11 Klarert av anestesi og kirurg. Kan ikke ta kort varsel pga jobb og familie. Standard prioritet i køen. Foretrekker operasjon i august 2025. Oppfølging avtales med WXY.,Foretrekker operasjon i august 2025,Syntetisk generert eksempel
ex_034,10,1.0,1.0,0.6,0.6,[200],2,False,GAST kontroll 26.04.2025 Stue 9 Klarert av anestesi og kirurg. Tar gjerne ledig plass innen få dager. Standard prioritet i køen. Tilgjengelig etter april 2026. GHI informert om plan.,Tilgjengelig etter april 2026,Syntetisk generert eksempel
ex_035,10,1.0,1.0,1.0,1.0,[200],1,True,HUD kontroll 27.07.2026 Stue 14 Avventer ytterligere avklaringer før operasjon. Kan kalles inn på kort varsel. Skal prioriteres grunnet medisinsk forverring. Foretrekker operasjon i oktober 2026. Kontakt JKL for preop spørsmål.,Foretrekker operasjon i oktober 2026,Syntetisk generert eksempel
ex_036,10,1.0,1.0,0.7,0.7,[200],2,False,ØNH kontroll 28.10.2024 Stue 5 Klareringsstatus ikke diskutert i siste møte. Tar gjerne ledig plass innen få dager. Standard prioritet i køen. Kan settes opp mellom april og februar 2024. Kontakt PRS for preop spørsmål.,Kan settes opp mellom april og februar 2024,Syntetisk generert eksempel
ex_037,10,1.0,1.0,0.2,0.2,[200],2,False,GYN kontroll 01.01.2025 Stue 3 Klareringsstatus ikke diskutert i siste møte. Kan kalles inn på kort varsel. Standard prioritet i køen. Kan settes opp mellom april og februar 2024. WXY informert om plan.,Kan settes opp mellom april og februar 2024,Syntetisk generert eksempel
ex_038,10,1.0,1.0,0.0,0.0,[200],1,True,URO kontroll 02.04.2026 Stue 11 Klareringsstatus ikke diskutert i siste møte. Tar gjerne ledig plass innen få dager. Ingen ekstra prioritet oppgitt. Foretrekker operasjon i desember 2026. WXY informert om plan.,Foretrekker operasjon i desember 2026,Syntetisk generert eksempel
ex_039,10,1.0,1.0,0.9,0.9,[200],2,False,KAR kontroll 03.07.2024 Stue 11 Klarert av anestesi og kirurg. Tar gjerne ledig plass innen få dager. Standard prioritet i køen. Kan settes opp mellom september og oktober 2026. Oppfølging avtales med TUV.,Kan settes opp mellom september og oktober 2026,Syntetisk generert eksempel
ex_040,10,1.0,1.0,1.0,1.0,[200],1,True,GYN kontroll 04.10.2025 Stue 11 Klarert av anestesi og kirurg. Kan kalles inn på kort varsel. Standard prioritet i køen. Tilgjengelig etter juli 2026. Kontakt ABC for preop spørsmål.,Tilgjengelig etter juli 2026,Syntetisk generert eksempel
ex_041,10,1.0,1.0,1.0,1.0,[200],1,True,ØNH kontroll 05.01.2026 Stue 5 Avventer ytterligere avklaringer før operasjon. Ønsker varsel minst fire uker i forkant. Standard prioritet i køen. Kan settes opp mellom august og november 2025. Kontakt JKL for preop spørsmål.,Kan settes opp mellom august og november 2025,Syntetisk generert eksempel
ex_042,10,1.0,1.0,0.1,0.1,[200],2,False,ORTO kontroll 06.04.2024 Stue 14 Klarert av anestesi og kirurg. Kort varsel ikke diskutert. Ingen ekstra prioritet oppgitt. Foretrekker operasjon i august 2025. WXY informert om plan.,Foretrekker operasjon i august 2025,Syntetisk generert eksempel
ex_043,10,1.0,1.0,1.0,1.0,[200],1,True,URO kontroll 07.07.2025 Stue 11 Ikke klarert av anestesi ennå. Kan ikke ta kort varsel pga jobb og familie. Standard prioritet i køen. Kan settes opp mellom november og januar 2025. Kontakt WXY for preop spørsmål.,Kan settes opp mellom november og januar 2025,Syntetisk generert eksempel
ex_044,10,1.0,1.0,1.0,1.0,[200],1,True,GYN kontroll 08.10.2026 Stue 3 Avventer ytterligere avklaringer før operasjon. Tar gjerne ledig plass innen få dager. Standard prioritet i køen. Tilgjengelig etter juni 2026. Kontakt PRS for preop spørsmål.,Tilgjengelig etter juni 2026,Syntetisk generert eksempel
ex_045,10,1.0,1.0,1.0,1.0,[200],1,True,KAR kontroll 09.01.2024 Stue 14 Avventer ytterligere avklaringer før operasjon. Ønsker varsel minst fire uker i forkant. PRIO-sett av ansvarlig kirurg. Kan settes opp mellom april og september 2026. PRS informert om plan.,Kan settes opp mellom april og september 2026,Syntetisk generert eksempel
ex_046,10,1.0,1.0,1.0,1.0,[200],1,True,KAR kontroll 10.04.2025 Stue 11 Klarert av anestesi og kirurg. Kan kalles inn på kort varsel. Standard prioritet i køen. Kan settes opp mellom november og juni 2025. Kontakt JKL for preop spørsmål.,Kan settes opp mellom november og juni 2025,Syntetisk generert eksempel
ex_047,10,1.0,1.0,1.0,1.0,[200],1,True,ORTO kontroll 11.07.2026 Stue 3 Avventer ytterligere avklaringer før operasjon. Kan ikke ta kort varsel pga jobb og familie. Ingen ekstra prioritet oppgitt. Tilgjengelig etter juni 2024. Kontakt ABC for preop spørsmål.,Tilgjengelig etter juni 2024,Syntetisk generert eksempel
ex_048,10,1.0,1.0,0.5,0.5,[200],2,False,HUD kontroll 12.10.2024 Stue 11 Klar for operasjon. Preop er fullført. Ingen preferanse angitt for varsel. Ingen ekstra prioritet oppgitt. Tilgjengelig etter juni 2026. Kontakt ABC for preop spørsmål.,Tilgjengelig etter juni 2026,Syntetisk generert eksempel
ex_049,10,1.0,1.0,0.4,0.4,[200],2,False,ØNH kontroll 13.01.2025 Stue 5 Avventer ytterligere avklaringer før operasjon. Tar gjerne ledig plass innen få dager. Standard prioritet i køen. Foretrekker operasjon i august 2025. TUV informert om plan.,Foretrekker operasjon i august 2025,Syntetisk generert eksempel
ex_050,10,1.0,1.0,1.0,1.0,[200],1,True,HUD kontroll 14.04.2026 Stue 9 Ikke klarert av anestesi ennå. Kan ikke ta kort varsel pga jobb og familie. Standard prioritet i køen. Foretrekker operasjon i oktober 2025. Oppfølging avtales med JKL.,Foretrekker operasjon i oktober 2025,Syntetisk generert eksempel
ex_051,10,1.0,1.0,0.9,0.9,[200],2,False,"URO kontroll 15.07.2024 Stue 3 Status ikke vurdert, må tas opp på neste kontroll. Kan ikke ta kort varsel pga jobb og familie. Ingen ekstra prioritet oppgitt. Kan settes opp mellom september og desember 2026. Oppfølging avtales med MNO.",Kan settes opp mellom september og desember 2026,Syntetisk generert eksempel
ex_052,10,1.0,1.0,1.0,1.0,[200],1,True,GAST kontroll 16.10.2025 Stue 3 Avventer ytterligere avklaringer før operasjon. Tar gjerne ledig plass innen få dager. Skal prioriteres grunnet medisinsk forverring. Kan settes opp mellom september og april 2025. WXY informert om plan.,Kan settes opp mellom september og april 2025,Syntetisk generert eksempel
ex_053,10,1.0,1.0,1.0,1.0,[200],1,True,KPOL kontroll 17.01.2026 Stue 5 Klarert av anestesi og kirurg. Kort varsel ikke diskutert. Ingen ekstra prioritet oppgitt. Tilgjengelig etter august 2026. Oppfølging avtales med ABC.,Tilgjengelig etter august 2026,Syntetisk generert eksempel
ex_054,10,1.0,1.0,1.0,1.0,[200],1,True,HUD kontroll 18.04.2024 Stue 7 Klar for operasjon. Preop er fullført. Ingen preferanse angitt for varsel. Ingen ekstra prioritet oppgitt. Foretrekker operasjon i april 2026. MNO informert om plan.,Foretrekker operasjon i april 2026,Syntetisk generert eksempel
ex_055,10,1.0,0.9,0.0,0.0,[200],2,False,"KPOL kontroll 19.07.2025 Stue 3 Status ikke vurdert, må tas opp på neste kontroll. Tar gjerne ledig plass innen få dager. Standard prioritet i køen. Tilgjengelig etter februar 2026. Kontakt PRS for preop spørsmål.",Tilgjengelig etter februar 2026,Syntetisk generert eksempel
ex_056,10,1.0,1.0,1.0,1.0,[200],1,True,ØNH kontroll 20.10.2026 Stue 3 Klar for operasjon. Preop er fullført. Kan kalles inn på kort varsel. Standard prioritet i køen. Kan settes opp mellom november og august 2025. Kontakt PRS for preop spørsmål.,Kan settes opp mellom november og august 2025,Syntetisk generert eksempel
ex_057,10,1.0,1.0,0.7,0.7,[200],2,False,GAST kontroll 21.01.2024 Stue 14 Klar for operasjon. Preop er fullført. Kan ikke ta kort varsel pga jobb og familie. Ingen ekstra prioritet oppgitt. Kan settes opp mellom mars og september 2026. Oppfølging avtales med JKL.,Kan settes opp mellom mars og september 2026,Syntetisk generert eksempel
ex_058,10,1.0,1.0,0.2,0.2,[200],2,False,GAST kontroll 22.04.2025 Stue 7 Klareringsstatus ikke diskutert i siste møte. Kan kalles inn på kort varsel. Standard prioritet i køen. Foretrekker operasjon i april 2024. TUV informert om plan.,Foretrekker operasjon i april 2024,Syntetisk generert eksempel
ex_059,10,1.0,1.0,0.9,0.9,[200],2,False,GYN kontroll 23.07.2026 Stue 14 Klar for operasjon. Preop er fullført. Ingen preferanse angitt for varsel. Ingen ekstra prioritet oppgitt. Foretrekker operasjon i desember 2025. ABC informert om plan.,Foretrekker operasjon i desember 2025,Syntetisk generert eksempel
ex_060,10,1.0,1.0,1.0,1.0,[200],1,True,KAR kontroll 24.10.2024 Stue 3 Klarert av anestesi og kirurg. Kan ikke ta kort varsel pga jobb og familie. Skal prioriteres grunnet medisinsk forverring. Foretrekker operasjon i mai 2026. Oppfølging avtales med DEF.,Foretrekker operasjon i mai 2026,Syntetisk generert eksempel
ex_061,10,1.0,0.9,0.8,0.7,[200],3,False,HUD kontroll 25.01.2025 Stue 5 Avventer ytterligere avklaringer før operasjon. Kort varsel ikke diskutert. Standard prioritet i køen. Kan settes opp mellom desember og oktober 2026. DEF informert om plan.,Kan settes opp mellom desember og oktober 2026,Syntetisk generert eksempel
ex_062,10,1.0,1.0,0.8,0.8,[200],2,False,ØNH kontroll 26.04.2026 Stue 11 Klar for operasjon. Preop er fullført. Kort varsel ikke diskutert. Standard prioritet i køen. Foretrekker operasjon i juli 2024. Kontakt ABC for preop spørsmål.,Foretrekker operasjon i juli 2024,Syntetisk generert eksempel
ex_063,10,1.0,1.0,1.0,1.0,[200],1,True,ØNH kontroll 27.07.2024 Stue 5 Ikke klarert av anestesi ennå. Ønsker varsel minst fire uker i forkant. Ingen ekstra prioritet oppgitt. Foretrekker operasjon i september 2025. Kontakt WXY for preop spørsmål.,Foretrekker operasjon i september 2025,Syntetisk generert eksempel
ex_064,10,1.0,1.0,0.6,0.6,[200],2,False,KPOL kontroll 28.10.2025 Stue 9 Ikke klarert av anestesi ennå. Tar gjerne ledig plass innen få dager. Standard prioritet i køen. Foretrekker operasjon i mars 2025. Oppfølging avtales med GHI.,Foretrekker operasjon i mars 2025,Syntetisk generert eksempel
ex_065,10,1.0,1.0,1.0,1.0,[200],1,True,GYN kontroll 01.01.2026 Stue 11 Ikke klarert av anestesi ennå. Kort varsel ikke diskutert. Skal prioriteres grunnet medisinsk forverring. Tilgjengelig etter oktober 2025. Kontakt WXY for preop spørsmål.,Tilgjengelig etter oktober 2025,Syntetisk generert eksempel
ex_066,10,1.0,1.0,1.0,1.0,[200],1,True,GYN kontroll 02.04.2024 Stue 11 Avventer ytterligere avklaringer før operasjon. Ingen preferanse angitt for varsel. Ingen ekstra prioritet oppgitt. Foretrekker operasjon i oktober 2026. Oppfølging avtales med DEF.,Foretrekker operasjon i oktober 2026,Syntetisk generert eksempel
ex_067,10,1.0,1.0,0.9,0.9,[200],2,False,KAR kontroll 03.07.2025 Stue 5 Klar for operasjon. Preop er fullført. Ingen preferanse angitt for varsel. Ingen ekstra prioritet oppgitt. Tilgjengelig etter juni 2026. Oppfølging avtales med DEF.,Tilgjengelig etter juni 2026,Syntetisk generert eksempel
ex_068,10,1.0,1.0,0.3,0.3,[200],2,False,URO kontroll 04.10.2026 Stue 11 Klarert av anestesi og kirurg. Kort varsel ikke diskutert. Ingen ekstra prioritet oppgitt. Kan settes opp mellom mars og oktober 2024. Kontakt GHI for preop spørsmål.,Kan settes opp mellom mars og oktober 2024,Syntetisk generert eksempel
ex_069,10,1.0,1.0,1.0,1.0,[200],1,True,"GAST kontroll 05.01.2024 Stue 14 Status ikke vurdert, må tas opp på neste kontroll. Tar gjerne ledig plass innen få dager. Skal prioriteres grunnet medisinsk forverring. Kan settes opp mellom september og oktober 2024. ABC informert om plan.",Kan settes opp mellom september og oktober 2024,Syntetisk generert eksempel
ex_070,10,1.0,1.0,1.0,1.0,[200],1,True,KPOL kontroll 06.04.2025 Stue 5 Avventer ytterligere avklaringer før operasjon. Kan ikke ta kort varsel pga jobb og familie. Skal prioriteres grunnet medisinsk forverring. Foretrekker operasjon i oktober 2024. Kontakt TUV for preop spørsmål.,Foretrekker operasjon i oktober 2024,Syntetisk generert eksempel
ex_071,10,1.0,1.0,0.2,0.2,[200],2,False,ORTO kontroll 07.07.2026 Stue 7 Klareringsstatus ikke diskutert i siste møte. Ønsker varsel minst fire uker i forkant. Ingen ekstra prioritet oppgitt. Foretrekker operasjon i januar 2026. ABC informert om plan.,Foretrekker operasjon i januar 2026,Syntetisk generert eksempel
ex_072,10,1.0,1.0,1.0,1.0,[200],1,True,HUD kontroll 08.10.2024 Stue 14 Klar for operasjon. Preop er fullført. Ingen preferanse angitt for varsel. Ingen ekstra prioritet oppgitt. Tilgjengelig etter september 2026. Oppfølging avtales med JKL.,Tilgjengelig etter september 2026,Syntetisk generert eksempel
ex_073,10,1.0,1.0,1.0,1.0,[200],1,True,HUD kontroll 09.01.2025 Stue 14 Ikke klarert av anestesi ennå. Kan ikke ta kort varsel pga jobb og familie. Ingen ekstra prioritet oppgitt. Kan settes opp mellom juni og februar 2025. Oppfølging avtales med JKL.,Kan settes opp mellom juni og februar 2025,Syntetisk generert eksempel
ex_074,10,1.0,1.0,0.1,0.1,[200],2,False,KPOL kontroll 10.04.2026 Stue 14 Avventer ytterligere avklaringer før operasjon. Ønsker varsel minst fire uker i forkant. Ingen ekstra prioritet oppgitt. Foretrekker operasjon i april 2024. JKL informert om plan.,Foretrekker operasjon i april 2024,Syntetisk generert eksempel
ex_075,10,1.0,1.0,1.0,1.0,[200],1,True,"HUD kontroll 11.07.2024 Stue 7 Status ikke vurdert, må tas opp på neste kontroll. Kan kalles inn på kort varsel. Standard prioritet i køen. Tilgjengelig etter august 2026. Kontakt TUV for preop spørsmål.",Tilgjengelig etter august 2026,Syntetisk generert eksempel
ex_076,10,1.0,1.0,0.7,0.7,[200],2,False,NEVRO kontroll 12.10.2025 Stue 14 Ikke klarert av anestesi ennå. Kort varsel ikke diskutert. Standard prioritet i køen. Tilgjengelig etter oktober 2025. Oppfølging avtales med JKL.,Tilgjengelig etter oktober 2025,Syntetisk generert eksempel
ex_077,10,1.0,1.0,1.0,1.0,[200],1,True,"KAR kontroll 13.01.2026 Stue 3 Status ikke vurdert, må tas opp på neste kontroll. Kan ikke ta kort varsel pga jobb og familie. PRIO-sett av ansvarlig kirurg. Foretrekker operasjon i desember 2026. Kontakt GHI for preop spørsmål.",Foretrekker operasjon i desember 2026,Syntetisk generert eksempel
ex_078,10,1.0,1.0,0.9,0.9,[200],2,False,GYN kontroll 14.04.2024 Stue 11 Klareringsstatus ikke diskutert i siste møte. Kan ikke ta kort varsel pga jobb og familie. Ingen ekstra prioritet oppgitt. Tilgjengelig etter september 2025. Oppfølging avtales med MNO.,Tilgjengelig etter september 2025,Syntetisk generert eksempel
ex_079,10,1.0,1.0,1.0,1.0,[200],1,True,HUD kontroll 15.07.2025 Stue 7 Avventer ytterligere avklaringer før operasjon. Kan kalles inn på kort varsel. Skal prioriteres grunnet medisinsk forverring. Foretrekker operasjon i april 2026. Oppfølging avtales med MNO.,Foretrekker operasjon i april 2026,Syntetisk generert eksempel
ex_080,10,1.0,1.0,0.3,0.3,[200],2,False,URO kontroll 16.10.2026 Stue 7 Klar for operasjon. Preop er fullført. Kan kalles inn på kort varsel. Ingen ekstra prioritet oppgitt. Tilgjengelig etter november 2025. JKL informert om plan.,Tilgjengelig etter november 2025,Syntetisk generert eksempel
ex_081,10,0.7,1.0,1.0,0.7,[200],2,False,"GYN kontroll 17.01.2024 Stue 3 Status ikke vurdert, må tas opp på neste kontroll. Kan ikke ta kort varsel pga jobb og familie. Standard prioritet i køen. Kan settes opp mellom januar og august 2025. Oppfølging avtales med MNO.",Kan settes opp mellom januar og august 2025,Syntetisk generert eksempel
ex_082,10,1.0,1.0,1.0,1.0,[200],1,True,NEVRO kontroll 18.04.2025 Stue 7 Klar for operasjon. Preop er fullført. Kan ikke ta kort varsel pga jobb og familie. Standard prioritet i køen. Foretrekker operasjon i juli 2026. Kontakt PRS for preop spørsmål.,Foretrekker operasjon i juli 2026,Syntetisk generert eksempel
ex_083,10,1.0,1.0,0.4,0.4,[200],2,False,NEVRO kontroll 19.07.2026 Stue 3 Klar for operasjon. Preop er fullført. Kan ikke ta kort varsel pga jobb og familie. Ingen ekstra prioritet oppgitt. Kan settes opp mellom september og august 2025. Kontakt GHI for preop spørsmål.,Kan settes opp mellom september og august 2025,Syntetisk generert eksempel
ex_084,10,0.8,1.0,0.7,0.5,[200],3,False,"KPOL kontroll 20.10.2024 Stue 9 Status ikke vurdert, må tas opp på neste kontroll. Kan ikke ta kort varsel pga jobb og familie. Ingen ekstra prioritet oppgitt. Tilgjengelig etter september 2025. Kontakt PRS for preop spørsmål.",Tilgjengelig etter september 2025,Syntetisk generert eksempel
ex_085,10,1.0,1.0,1.0,1.0,[200],1,True,NEVRO kontroll 21.01.2025 Stue 3 Avventer ytterligere avklaringer før operasjon. Ønsker varsel minst fire uker i forkant. Skal prioriteres grunnet medisinsk forverring. Tilgjengelig etter november 2026. TUV informert om plan.,Tilgjengelig etter november 2026,Syntetisk generert eksempel
ex_086,10,1.0,1.0,0.8,0.8,[200],2,False,HUD kontroll 22.04.2026 Stue 11 Klareringsstatus ikke diskutert i siste møte. Kort varsel ikke diskutert. Ingen ekstra prioritet oppgitt. Tilgjengelig etter januar 2026. WXY informert om plan.,Tilgjengelig etter januar 2026,Syntetisk generert eksempel
ex_087,10,1.0,1.0,1.0,1.0,[200],1,True,KPOL kontroll 23.07.2024 Stue 7 Avventer ytterligere avklaringer før operasjon. Ønsker varsel minst fire uker i forkant. Standard prioritet i køen. Foretrekker operasjon i juli 2025. Oppfølging avtales med TUV.,Foretrekker operasjon i juli 2025,Syntetisk generert eksempel
ex_088,10,1.0,1.0,0.8,0.8,[200],2,False,HUD kontroll 24.10.2025 Stue 9 Avventer ytterligere avklaringer før operasjon. Tar gjerne ledig plass innen få dager. Standard prioritet i køen. Tilgjengelig etter desember 2025. Oppfølging avtales med ABC.,Tilgjengelig etter desember 2025,Syntetisk generert eksempel
ex_089,10,1.0,1.0,0.4,0.4,[200],2,False,KAR kontroll 25.01.2026 Stue 11 Klarert av anestesi og kirurg. Tar gjerne ledig plass innen få dager. Ingen ekstra prioritet oppgitt. Foretrekker operasjon i august 2026. DEF informert om plan.,Foretrekker operasjon i august 2026,Syntetisk generert eksempel
ex_090,10,1.0,1.0,1.0,1.0,[200],1,True,"KPOL kontroll 26.04.2024 Stue 5 Status ikke vurdert, må tas opp på neste kontroll. Ingen preferanse angitt for varsel. Skal prioriteres grunnet medisinsk forverring. Tilgjengelig etter april 2024. MNO informert om plan.",Tilgjengelig etter april 2024,Syntetisk generert eksempel
ex_091,10,1.0,1.0,1.0,1.0,[200],1,True,GYN kontroll 27.07.2025 Stue 11 Klareringsstatus ikke diskutert i siste møte. Kan ikke ta kort varsel pga jobb og familie. Ingen ekstra prioritet oppgitt. Foretrekker operasjon i april 2025. Kontakt PRS for preop spørsmål.,Foretrekker operasjon i april 2025,Syntetisk generert eksempel
ex_092,10,1.0,1.0,1.0,1.0,[200],1,True,URO kontroll 28.10.2026 Stue 5 Ikke klarert av anestesi ennå. Kan kalles inn på kort varsel. Standard prioritet i køen. Foretrekker operasjon i februar 2024. Kontakt PRS for preop spørsmål.,Foretrekker operasjon i februar 2024,Syntetisk generert eksempel
ex_093,10,0.9,1.0,0.8,0.7,[200],3,False,"ORTO kontroll 01.01.2024 Stue 3 Status ikke vurdert, må tas opp på neste kontroll. Ønsker varsel minst fire uker i forkant. Standard prioritet i køen. Tilgjengelig etter mars 2024. Oppfølging avtales med MNO.",Tilgjengelig etter mars 2024,Syntetisk generert eksempel
ex_094,10,1.0,1.0,1.0,1.0,[200],1,True,ØNH kontroll 02.04.2025 Stue 5 Klar for operasjon. Preop er fullført. Ønsker varsel minst fire uker i forkant. Standard prioritet i køen. Tilgjengelig etter mai 2025. Kontakt ABC for preop spørsmål.,Tilgjengelig etter mai 2025,Syntetisk generert eksempel
ex_095,10,1.0,1.0,0.0,0.0,[200],1,True,ORTO kontroll 03.07.2026 Stue 5 Klarert av anestesi og kirurg. Tar gjerne ledig plass innen få dager. Ingen ekstra prioritet oppgitt. Foretrekker operasjon i mars 2025. Oppfølging avtales med JKL.,Foretrekker operasjon i mars 2025,Syntetisk generert eksempel
ex_096,10,1.0,1.0,1.0,1.0,[200],1,True,ORTO kontroll 04.10.2024 Stue 5 Klar for operasjon. Preop er fullført. Kan kalles inn på kort varsel. Skal prioriteres grunnet medisinsk forverring. Kan settes opp mellom juli og oktober 2024. Oppfølging avtales med GHI.,Kan settes opp mellom juli og oktober 2024,Syntetisk generert eksempel
ex_097,10,1.0,1.0,0.9,0.9,[200],2,False,URO kontroll 05.01.2025 Stue 14 Klarert av anestesi og kirurg. Kort varsel ikke diskutert. Standard prioritet i køen. Tilgjengelig etter januar 2025. MNO informert om plan.,Tilgjengelig etter januar 2025,Syntetisk generert eksempel
ex_098,10,1.0,1.0,0.8,0.8,[200],2,False,ØNH kontroll 06.04.2026 Stue 5 Klarert av anestesi og kirurg. Kan ikke ta kort varsel pga jobb og familie. Ingen ekstra prioritet oppgitt. Tilgjengelig etter februar 2025. PRS informert om plan.,Tilgjengelig etter februar 2025,Syntetisk generert eksempel
ex_099,10,1.0,1.0,0.9,0.9,[200],2,False,KAR kontroll 07.07.2024 Stue 3 Ikke klarert av anestesi ennå. Kort varsel ikke diskutert. Ingen ekstra prioritet oppgitt. Kan settes opp mellom august og juni 2026. PRS informert om plan.,Kan settes opp mellom august og juni 2026,Syntetisk generert eksempel
ex_100,10,0.5,1.0,0.9,0.4,[200],3,False,"GYN kontroll 08.10.2025 Stue 5 Status ikke vurdert, må tas opp på neste kontroll. Kan ikke ta kort varsel pga jobb og familie. Ingen ekstra prioritet oppgitt. Foretrekker operasjon i februar 2025. Oppfølging avtales med JKL.",Foretrekker operasjon i februar 2025,Syntetisk generert eksempel
